Country/Territory;Population;Continent;Income group;Code;Meningitis;Alzheimer's Disease and Other Dementias;Parkinson's Disease;Nutritional Deficiencies;Malaria;Drowning;Interpersonal Violence;Maternal Disorders;HIV/AIDS;Drug Use Disorders;Tuberculosis;Cardiovascular Diseases;Lower Respiratory Infections;Neonatal Disorders;Alcohol Use Disorders;Self-harm;Exposure to Forces of Nature;Diarrheal Diseases;Environmental Heat and Cold Exposure;Neoplasms;Conflict and Terrorism;Diabetes Mellitus;Chronic Kidney Disease;Poisonings;Protein-Energy Malnutrition;Road Injuries;Chronic Respiratory Diseases;Cirrhosis and Other Chronic Liver Diseases;Digestive Diseases;Fire, Heat, and Hot Substances;Acute Hepatitis
Afghanistan;42239854;Asia;5. Low income;AFG;186.24;99.43;31.72;169.16;32.96;133.85;256.22;306.87;10.14;16.79;349.52;3804.56;1946.45;1651.36;7.71;87.72;39.70;581.99;5.18;1111.77;664.11;220.66;318.84;34.40;166.11;493.21;496.82;233.00;442.61;32.10;232.26
Albania;2832439;Europe;4. Lower middle income;ALB;46.71;584.27;158.56;20.09;0.00;84.63;185.07;8.69;2.01;22.38;20.94;9553.71;932.13;549.60;16.17;161.95;3.14;23.90;5.79;3621.51;75.73;143.16;269.59;17.65;18.57;300.87;799.03;307.76;526.30;22.45;1.55
Algeria;45606480;Africa;3. Upper middle income;DZA;34.39;190.57;50.31;15.65;0.15;53.22;36.62;64.63;13.38;23.27;39.66;4656.62;393.32;867.67;6.03;98.60;8.84;75.45;2.28;1029.19;67.86;195.22;339.13;27.05;14.05;809.96;369.36;201.57;321.29;60.58;23.01
American Samoa;43914;Oceania;3. Upper middle income;ASM;68.32;325.64;157.13;136.63;0.00;273.26;229.99;68.32;34.16;0.00;68.32;6492.23;746.91;560.19;38.71;227.72;93.36;202.67;56.93;3356.56;22.77;2208.86;1165.92;0.00;136.63;373.46;1393.63;412.17;776.52;0.00;0.00
Andorra;77630;Europe;2. High income: nonOECD;AND;0.00;790.93;176.48;0.00;0.00;0.00;19.32;0.00;109.49;0.00;0.00;4542.06;502.38;30.92;38.64;283.40;0.00;20.61;0.00;6460.13;0.00;255.06;376.14;0.00;0.00;333.63;1079.48;364.55;721.37;0.00;38.64
Angola;36684202;Africa;3. Upper middle income;AGO;302.29;48.26;12.23;641.10;864.32;93.60;56.69;167.77;666.11;3.24;1291.12;1431.26;1538.83;1512.70;11.69;111.48;2.02;2208.44;9.60;646.67;147.76;199.99;133.79;38.22;626.60;657.91;277.63;325.43;520.59;42.83;39.34
Antigua and Barbuda;97929;North America;3. Upper middle income;ATG;40.85;437.05;119.47;88.84;0.00;122.54;121.52;0.00;263.46;6.13;11.23;5375.32;795.47;258.35;140.92;66.37;39.82;63.31;0.00;3067.53;1.02;1357.11;707.66;8.17;85.78;190.95;251.20;307.37;577.97;61.27;0.00
Argentina;45773884;South America;3. Upper middle income;ARG;38.34;571.77;149.16;96.27;0.27;53.09;158.40;27.35;106.21;3.35;66.39;6195.95;1523.61;380.01;59.31;279.22;0.93;50.59;3.42;4617.62;1.69;607.77;781.04;18.91;91.61;375.94;1013.57;440.16;923.49;45.86;3.78
Armenia;2777970;Asia;4. Lower middle income;ARM;15.23;565.66;134.59;29.41;0.18;162.67;188.99;13.57;9.50;8.10;137.87;13989.89;673.98;524.56;93.31;227.07;0.47;122.46;150.18;5547.29;12.85;1244.25;272.54;42.55;11.66;367.64;1274.89;867.54;1391.88;105.98;5.54
Australia;25921089;Oceania;1. High income: OECD;AUS;7.62;812.56;185.50;14.58;0.00;26.30;37.26;1.92;23.41;92.07;9.85;5560.26;337.72;74.24;50.81;301.52;1.00;15.23;4.91;4717.62;0.21;385.89;363.05;5.47;11.18;220.42;968.34;195.03;564.80;15.48;1.11
Austria;8979894;Europe;1. High income: OECD;AUT;12.83;1128.64;263.53;2.66;0.00;26.79;25.99;1.26;22.33;53.91;25.07;11488.69;380.82;60.58;125.41;520.76;3.74;16.65;10.28;6954.28;0.33;660.91;625.20;9.15;0.45;273.80;951.57;677.62;1169.69;17.29;1.09
Azerbaijan;10409409;Asia;3. Upper middle income;AZE;41.04;241.99;68.66;20.66;0.31;127.57;190.80;15.48;11.07;8.00;295.30;9863.33;1411.51;792.48;63.60;92.26;2.00;172.63;40.66;2533.09;56.52;424.05;279.99;28.73;15.88;238.63;556.37;752.10;987.76;138.90;13.31
Bahamas;412623;North America;2. High income: nonOECD;BHS;29.81;282.82;78.28;41.20;0.00;173.04;590.61;26.42;1174.20;10.42;58.65;4422.68;535.11;259.56;91.85;67.37;25.93;35.63;7.27;2828.97;3.64;776.25;505.55;8.72;34.90;424.36;255.20;339.54;643.44;71.98;2.18
Bahrain;1876830;Asia;2. High income: nonOECD;BHR;6.02;54.08;17.64;5.81;0.00;20.46;37.14;8.90;14.71;3.14;19.18;1370.98;84.93;109.33;6.18;101.07;0.00;14.01;0.91;701.87;3.09;508.94;149.40;3.09;5.49;246.05;188.51;128.46;211.42;19.77;5.65
Bangladesh;169356251;Asia;5. Low income;BGD;55.84;134.33;44.60;414.67;206.30;420.30;66.37;185.42;2.62;3.89;851.23;3615.86;1217.95;1637.02;4.67;154.02;91.52;932.87;2.83;1218.82;2.04;353.07;167.01;9.10;353.71;147.56;1033.64;453.79;738.25;28.10;98.37
Barbados;288415;North America;2. High income: nonOECD;BRB;46.46;826.93;206.99;88.41;0.00;121.01;312.74;20.46;412.25;8.32;24.27;8140.35;1356.03;306.85;59.98;138.00;1.04;58.94;0.00;6217.78;3.47;2637.17;865.42;6.59;60.68;330.08;503.09;389.72;939.62;50.62;3.12
Belarus;9440142;Europe;3. Upper middle income;BLR;31.66;886.44;172.23;18.80;0.00;401.56;357.48;6.50;77.98;88.13;182.54;24473.01;431.69;129.17;824.26;1064.63;0.46;8.62;286.57;6686.23;1.10;181.32;133.05;184.59;9.66;643.98;1392.54;652.83;1251.42;261.29;8.21
Belgium;11561717;Europe;1. High income: OECD;BEL;14.63;1202.12;259.55;61.31;0.00;23.96;49.99;2.01;25.91;42.74;31.93;8976.40;1315.70;66.03;103.31;595.38;0.38;130.75;12.13;7974.57;1.43;456.77;542.92;14.15;53.11;358.00;1810.93;511.84;1329.59;36.24;2.22
Belize;412166;North America;4. Lower middle income;BLZ;24.50;207.44;49.74;95.35;1.21;147.27;469.47;27.66;446.91;5.10;101.17;2324.79;628.39;516.05;42.46;127.38;15.53;107.24;0.00;1302.15;13.10;668.91;434.78;14.56;87.59;433.08;321.47;279.26;461.46;25.96;2.67
Benin;13063425;Africa;5. Low income;BEN;535.68;103.07;29.12;342.54;2425.35;88.16;123.72;266.80;619.23;2.00;608.64;1887.02;2075.17;2459.71;10.72;114.48;0.93;1505.88;13.40;778.61;0.24;229.07;254.98;43.28;332.22;345.98;342.92;357.62;609.63;59.64;48.08
Bermuda;64031;North America;2. High income: nonOECD;BMU;15.62;877.70;265.50;9.37;0.00;112.45;98.39;0.00;488.83;51.54;0.00;8408.43;652.81;99.95;46.85;146.80;9.37;17.18;0.00;6490.61;0.00;960.47;610.64;7.81;0.00;402.93;624.70;363.89;805.86;0.00;0.00
Bhutan;787424;Asia;4. Lower middle income;BTN;198.75;167.51;57.28;110.11;538.59;118.74;35.81;182.11;78.10;4.95;715.12;3297.72;1062.83;2020.51;20.07;142.24;33.40;815.06;6.48;1223.48;1.65;329.81;365.62;11.56;84.45;266.95;1627.20;553.07;945.11;34.54;82.55
Bolivia;12144023;South America;4. Lower middle income;BOL;69.79;205.22;81.13;324.41;6.48;147.65;140.50;169.28;150.11;8.99;659.36;2768.66;1848.71;1280.47;72.60;147.81;9.65;372.12;5.51;2254.71;0.21;569.20;643.01;23.41;304.00;481.63;630.82;568.07;1086.35;50.83;7.91
Bosnia and Herzegovina;3219415;Europe;3. Upper middle income;BIH;14.85;691.83;234.58;3.63;0.00;64.08;123.38;5.53;2.83;6.80;211.40;15555.03;386.06;233.68;169.72;401.94;1.27;10.90;9.23;7382.12;851.52;1403.58;479.56;58.61;1.46;220.85;1156.02;639.56;1185.68;62.12;5.00
Botswana;2023904;Africa;3. Upper middle income;BWA;189.49;142.65;39.87;266.51;32.71;128.81;480.16;102.18;13009.81;8.55;1459.95;4030.08;1964.96;1380.20;32.86;521.76;1.73;1228.32;28.46;2084.09;0.40;1022.58;432.28;53.91;260.14;741.14;895.20;523.34;1003.90;135.78;16.06
Brazil;213196304;South America;3. Upper middle income;BRA;64.12;433.85;80.36;156.49;18.75;117.30;826.92;34.15;210.01;7.36;104.72;4497.74;936.77;782.05;105.82;162.01;3.20;248.05;1.42;2629.87;0.28;617.16;385.06;3.64;146.36;634.25;817.67;434.82;833.30;28.13;4.21
Brunei;445373;Asia;2. High income: nonOECD;BRN;12.80;90.04;48.95;6.74;0.00;113.84;37.72;16.62;22.23;18.64;125.74;2466.92;320.85;163.23;6.96;109.35;0.67;15.04;5.84;2137.98;0.00;806.51;304.01;8.98;2.69;415.38;510.58;149.99;293.69;29.86;21.78
Bulgaria;6687717;Europe;3. Upper middle income;BGR;32.18;1033.10;368.81;4.71;0.00;110.77;143.95;8.45;27.36;24.88;105.57;36237.58;1203.79;142.98;78.32;705.82;1.24;13.94;65.42;8309.56;0.75;1110.35;661.30;43.32;1.93;501.34;1493.54;1156.49;1882.60;68.57;3.78
Burkina Faso;22600626;Africa;5. Low income;BFA;778.62;110.93;30.60;623.79;4206.79;87.11;163.75;204.38;1475.39;3.85;789.67;1953.26;2713.41;1998.44;13.24;132.84;0.69;2449.89;13.09;831.03;6.12;260.68;244.57;59.73;598.19;453.08;266.13;340.82;628.75;67.18;38.82
Burundi;13939691;Africa;5. Low income;BDI;329.51;70.05;19.28;663.29;2301.11;71.05;18.62;284.50;2244.60;2.09;1861.06;1883.93;1526.27;1750.63;13.23;141.05;1.69;2000.85;15.50;851.15;1176.03;246.11;175.05;49.88;641.31;336.20;448.88;342.33;582.81;52.48;37.02
Cambodia;16944826;Asia;5. Low income;KHM;95.24;175.45;44.07;297.13;79.70;250.31;85.25;188.85;616.63;4.73;1524.97;3602.04;2993.54;1210.33;20.51;121.29;9.94;711.78;0.78;1642.57;28.68;406.63;275.16;15.46;278.42;485.20;640.90;1115.82;1734.62;43.42;50.85
Cameroon;28502239;Africa;4. Lower middle income;CMR;337.38;93.84;32.60;148.65;2154.55;58.51;64.81;289.80;2608.05;4.49;712.19;1916.90;1694.12;1567.69;13.23;156.14;0.67;2522.19;10.99;926.03;25.03;343.37;341.47;35.06;141.00;489.35;355.93;349.80;591.79;46.67;57.41
Canada;38232593;North America;1. High income: OECD;CAN;8.08;829.97;215.63;23.53;0.00;25.11;42.10;2.01;44.91;97.43;12.23;5789.18;560.06;82.06;79.54;349.03;0.96;75.89;10.38;5525.91;0.48;510.87;379.65;10.97;19.07;241.89;1051.70;322.05;754.93;25.92;1.05
Cape Verde;598682;Africa;4. Lower middle income;CPV;144.48;374.99;69.82;129.28;2.34;158.18;356.62;64.81;498.60;3.17;415.08;3578.53;1205.48;860.72;14.03;309.01;2.00;637.73;8.35;2110.97;0.00;363.63;319.20;13.20;116.76;185.57;468.20;415.75;668.97;68.32;35.91
Central African Republic;5732618;Africa;5. Low income;CAF;547.90;61.63;21.54;680.30;2349.82;160.05;203.54;447.07;4872.29;4.87;3945.23;2908.41;3121.73;2701.63;25.47;263.68;0.42;4070.01;21.18;1111.81;258.31;412.60;268.18;72.06;660.19;1268.34;689.81;476.99;936.24;80.68;70.46
Chad;18246233;Africa;5. Low income;TCD;638.65;85.37;24.77;684.82;1072.00;85.95;117.09;383.16;753.53;1.35;1075.19;1685.38;2822.82;2092.27;10.18;111.88;1.49;4177.08;16.24;678.32;63.92;195.78;216.29;45.51;669.94;302.42;361.75;340.66;625.34;59.69;81.50
Chile;19601392;South America;3. Upper middle income;CHL;26.22;426.13;124.75;69.50;0.00;74.09;128.04;10.74;64.62;5.63;93.20;3684.24;743.54;149.46;71.07;318.66;6.95;48.33;7.40;3485.60;0.22;390.28;464.87;7.75;66.26;356.50;668.64;646.98;1021.10;60.76;1.17
China;1425893465;Asia;3. Upper middle income;CHN;33.73;377.44;107.52;40.97;0.94;201.53;54.44;17.06;30.42;43.97;189.95;7048.63;597.93;305.33;34.07;356.17;9.75;62.19;13.93;4282.26;0.21;243.25;294.22;54.01;35.60;585.63;2572.20;344.97;625.92;26.89;22.34
Colombia;52485326;South America;3. Upper middle income;COL;41.66;392.75;64.07;94.37;42.44;76.97;1351.91;35.80;118.92;5.50;66.10;3098.41;408.60;526.62;5.52;136.27;11.21;116.91;1.16;1986.02;63.03;307.02;332.06;6.56;90.68;428.32;661.06;175.89;480.37;16.98;1.43
Comoros;924379;Africa;5. Low income;COM;286.90;170.49;39.05;384.58;823.90;55.82;157.62;133.28;2.06;3.79;1186.42;2802.75;1899.76;1972.68;13.09;103.96;1.62;1536.60;14.17;1257.06;6.17;377.98;279.86;38.08;367.27;396.92;472.53;404.70;767.22;48.25;35.81
Congo;5919830;Africa;5. Low income;COG;195.39;91.98;27.42;202.20;1181.57;61.17;99.56;230.82;3231.06;7.58;1177.65;2660.52;1087.72;1178.19;19.85;174.16;0.47;1682.72;9.68;1147.97;277.80;406.46;255.67;32.45;191.36;671.89;443.78;423.17;691.29;40.41;20.57
Cook Islands;17611;Oceania;3. Upper middle income;COK;0.00;482.65;193.06;0.00;0.00;170.35;0.00;0.00;90.85;0.00;17.03;7904.15;1544.49;227.13;0.00;391.80;113.57;170.35;0.00;4082.68;0.00;3503.49;772.24;0.00;0.00;806.31;1209.47;340.70;687.07;0.00;0.00
Costa Rica;5231668;North America;3. Upper middle income;CRI;24.06;417.04;73.42;12.41;0.11;86.32;191.55;13.57;86.44;8.35;39.85;2706.35;269.51;231.19;35.25;167.59;6.29;64.13;1.05;2226.52;0.11;210.66;440.26;5.16;10.88;397.56;537.48;352.98;655.72;12.04;2.96
Cote d'Ivoire;28310382;Africa;4. Lower middle income;CIV;361.62;73.36;26.14;153.70;3325.98;64.87;192.29;254.86;3755.23;2.96;826.38;1795.18;2110.77;2609.71;15.58;165.15;0.69;1259.70;12.68;838.81;18.50;262.53;274.22;37.72;147.14;312.92;320.58;358.94;591.42;49.67;28.62
Croatia;4060135;Europe;2. High income: nonOECD;HRV;19.75;1067.40;277.28;2.24;0.00;76.82;74.60;3.15;7.44;47.14;119.28;18493.03;641.83;115.78;194.82;694.80;0.32;13.55;25.64;9397.42;194.85;754.48;522.59;20.86;0.74;467.84;1143.85;1123.93;1873.14;38.59;1.11
Cuba;11194449;North America;3. Upper middle income;CUB;49.90;810.39;164.20;18.19;0.00;87.19;188.04;19.97;52.65;4.86;16.16;8959.82;1443.31;104.93;96.25;508.16;1.77;98.90;2.76;5438.89;2.06;491.07;448.56;6.49;14.07;426.31;860.14;394.32;894.60;32.11;3.68
Cyprus;1260138;Asia;2. High income: nonOECD;CYP;10.40;439.08;167.20;12.30;0.00;67.21;51.42;2.62;6.59;28.01;14.44;6598.96;369.09;106.26;17.54;127.92;0.40;30.00;13.33;3605.56;0.56;1152.49;598.19;4.84;9.84;406.54;956.56;281.72;679.85;19.12;2.14
Czechia;10767683;Europe;1. High income: OECD;CZE;17.01;963.92;206.18;14.42;0.00;64.35;48.44;1.91;3.31;22.61;25.62;15350.94;764.41;73.14;99.70;505.02;0.75;33.97;34.71;8005.04;0.16;551.62;298.40;33.85;12.08;342.30;813.02;628.29;1271.24;25.59;1.61
Democratic Republic of Congo;95894118;Africa;5. Low income;COD;310.53;81.12;18.59;447.95;2666.71;88.07;77.64;283.92;1049.41;3.59;1630.57;2074.68;1798.13;1531.26;14.37;130.36;1.46;1787.06;9.40;795.26;121.29;255.26;189.00;39.29;434.00;801.71;501.97;350.55;604.16;44.67;51.54
Denmark;5852537;Europe;1. High income: OECD;DNK;29.83;1121.60;224.18;50.29;0.00;21.65;34.70;1.45;25.51;101.43;21.85;9898.77;1093.18;73.54;339.99;467.46;0.22;119.06;7.28;8644.80;0.51;638.70;414.11;6.51;22.35;242.78;2077.17;519.21;1425.96;44.63;1.28
Djibouti;1030504;Africa;4. Lower middle income;DJI;345.66;79.86;21.15;994.27;193.79;74.24;219.70;340.61;1941.67;3.98;1223.48;2022.60;1810.76;1965.64;18.53;131.68;19.21;1363.12;19.89;1166.90;67.25;308.68;216.30;45.41;971.85;326.73;280.15;391.85;642.99;59.29;36.10
Dominica;72514;North America;3. Upper middle income;DMA;53.78;808.12;215.13;121.36;0.00;177.90;290.98;41.37;263.40;12.41;161.35;10061.51;1265.96;537.83;142.04;154.45;157.21;107.57;0.00;6561.49;1.38;2363.68;1425.93;70.33;100.67;554.38;839.84;450.95;1038.42;82.74;1.38
Dominican Republic;11117873;North America;3. Upper middle income;DOM;98.25;310.10;72.02;153.81;5.00;73.58;400.80;57.77;621.93;6.00;210.62;4520.50;529.36;1173.40;27.15;141.12;13.14;371.86;2.51;1847.78;0.14;483.23;383.21;11.67;148.05;602.72;364.10;526.06;738.80;39.27;8.91
Ecuador;18436392;South America;3. Upper middle income;ECU;32.92;268.49;70.77;158.02;43.45;102.64;375.75;46.32;111.82;6.93;200.20;2405.19;800.53;605.62;66.26;186.61;12.84;187.19;1.68;1878.15;0.54;501.96;677.72;12.78;141.21;615.07;389.20;429.82;806.55;30.54;3.34
Egypt;112816598;Africa;4. Lower middle income;EGY;34.66;130.11;43.62;27.22;0.00;29.85;10.58;30.95;2.47;1.21;31.70;5314.35;846.39;447.46;2.97;62.74;1.39;441.60;1.54;1028.78;6.69;328.40;395.29;5.01;23.38;705.71;481.90;1260.68;1403.23;37.81;50.42
El Salvador;6582940;North America;4. Lower middle income;SLV;43.49;515.83;90.92;148.28;0.52;111.61;1569.00;49.16;258.17;3.75;77.02;3387.33;966.89;612.81;410.58;236.46;37.49;402.91;1.69;1953.56;38.61;633.70;1127.22;6.91;147.73;634.28;538.03;537.84;946.95;23.90;2.60
Equatorial Guinea;1714671;Africa;2. High income: nonOECD;GNQ;154.02;62.93;15.86;178.75;1645.51;46.36;59.31;137.29;1833.59;3.32;691.56;1261.52;923.21;1050.70;8.81;90.22;0.00;1013.37;5.60;623.56;1.40;226.52;147.84;20.76;172.39;387.48;246.81;170.47;328.58;25.08;14.87
Eritrea;3748901;Africa;5. Low income;ERI;675.16;101.87;32.06;1647.02;318.79;129.37;371.98;670.65;1917.39;6.96;3763.26;3587.72;3798.85;2697.06;32.70;321.32;0.08;4352.02;41.16;1913.49;1153.30;540.08;353.20;99.58;1592.68;688.31;712.66;873.86;1377.98;109.31;82.00
Estonia;1329171;Europe;1. High income: OECD;EST;30.09;1072.02;224.95;12.11;0.00;249.78;381.97;4.66;52.36;168.98;166.80;21122.49;572.76;104.88;628.44;861.14;0.38;5.57;283.03;8287.27;0.90;321.48;415.52;51.54;8.13;516.41;680.05;625.65;1351.37;293.42;1.58
Eswatini;1195655;Africa;4. Lower middle income;SWZ;249.90;98.61;30.28;325.85;66.49;133.90;503.32;105.63;12900.63;8.36;1978.83;3172.74;2095.92;1430.76;22.75;468.45;1.00;1650.31;29.02;1923.55;0.33;1245.51;529.92;57.21;320.49;887.88;780.16;428.97;776.23;126.04;22.00
Ethiopia;120283026;Africa;5. Low income;ETH;503.19;84.64;20.21;684.36;377.43;68.24;164.94;310.70;1486.85;3.63;1445.84;1609.67;1948.13;2370.87;14.22;140.60;1.94;2090.56;19.15;778.85;131.83;268.44;208.99;84.02;656.55;252.90;331.29;462.64;730.32;57.62;50.99
Fiji;915668;Oceania;4. Lower middle income;FJI;67.82;159.12;100.80;65.85;0.00;202.58;113.36;62.36;32.76;7.86;146.56;6848.55;702.22;617.36;5.24;267.35;23.15;366.51;3.28;1855.48;0.87;3894.86;704.08;8.30;65.20;306.01;1311.83;237.53;482.16;81.69;9.39
Finland;5601548;Europe;1. High income: OECD;FIN;14.03;1153.97;264.12;5.07;0.00;74.73;71.78;1.57;6.32;126.52;50.27;12418.01;903.82;44.86;307.58;626.43;0.30;31.01;54.61;6368.17;1.43;260.91;225.47;7.66;1.73;225.58;857.57;540.10;1251.81;46.34;1.27
France;64480053;Europe;1. High income: OECD;FRA;13.92;1369.34;279.46;161.00;0.00;48.51;33.46;3.57;77.94;53.01;76.78;7334.54;895.59;70.32;162.47;601.99;1.42;74.31;25.20;7858.40;1.23;502.86;424.55;9.70;153.96;336.55;942.57;554.42;1302.42;37.81;1.17
Gabon;2381352;Africa;3. Upper middle income;GAB;148.87;150.25;41.82;128.25;1069.31;41.62;80.25;142.06;1806.54;8.23;803.96;2706.11;973.77;934.55;19.36;183.38;0.04;622.59;8.48;1348.52;0.50;585.38;350.56;28.89;119.47;577.40;378.48;439.96;677.05;36.49;15.96
Gambia;2769250;Africa;5. Low income;GMB;286.97;95.04;29.32;208.87;1393.99;44.06;11.63;296.11;827.84;1.91;651.30;1738.38;1280.24;1597.76;10.04;87.86;2.71;849.91;9.42;700.73;1.48;209.62;213.31;29.11;200.52;205.76;312.07;280.83;514.98;38.60;20.47
Georgia;3966553;Asia;4. Lower middle income;GEO;32.85;1015.16;213.11;6.15;0.30;146.58;156.26;15.56;9.50;14.67;234.26;25671.63;723.52;644.89;52.44;232.65;3.98;45.03;22.14;5639.81;104.42;798.07;404.00;34.09;2.04;580.03;876.13;1210.42;1568.87;174.48;6.28
Germany;84582923;Europe;1. High income: OECD;DEU;11.92;1318.21;312.98;13.75;0.00;20.92;29.49;1.76;33.56;50.92;28.83;12791.91;713.05;54.60;213.22;446.88;0.33;78.91;6.39;8660.91;0.46;734.87;729.34;3.91;9.88;249.86;1321.29;773.52;1579.10;24.81;2.89
Ghana;34121985;Africa;4. Lower middle income;GHA;375.89;102.42;26.77;294.22;2114.00;48.13;69.46;118.01;1446.17;2.93;936.36;2327.32;1315.53;1568.28;13.58;122.30;1.44;1086.54;10.03;1063.60;0.98;343.90;267.76;32.41;283.08;364.80;383.12;461.41;716.03;44.59;27.74
Greece;10341277;Europe;1. High income: OECD;GRC;12.48;1194.27;303.68;2.96;0.00;104.88;39.49;1.53;9.76;69.24;44.36;14054.72;964.60;77.18;10.49;133.09;2.30;5.74;8.24;8725.99;1.02;330.08;935.79;8.87;1.50;541.94;1234.53;415.56;927.89;35.93;11.07
Greenland;57061;North America;2. High income: nonOECD;GRL;87.63;268.13;134.94;22.78;0.00;262.88;404.83;0.00;148.96;82.37;213.81;5991.83;606.37;453.90;559.05;2393.93;3.51;52.58;105.15;6738.40;0.00;278.65;257.62;45.57;17.53;185.77;1452.83;401.32;1112.84;155.97;0.00
Grenada;114064;North America;3. Upper middle income;GRD;34.19;419.06;103.45;85.92;0.00;185.86;145.53;26.30;180.60;21.92;27.18;6750.60;1307.16;416.43;73.64;130.63;16.66;53.48;0.00;3854.85;2.63;1627.16;898.62;14.90;76.27;286.68;459.39;408.54;832.87;59.62;5.26
Guam;173152;Oceania;2. High income: nonOECD;GUM;26.57;339.01;110.89;42.16;0.00;109.15;101.64;17.33;88.94;16.75;65.26;5439.15;440.65;348.83;25.41;459.71;1.73;66.42;0.00;2368.44;8.66;565.40;540.57;0.00;42.16;340.74;689.57;455.67;590.81;17.33;0.00
Guatemala;18092026;North America;4. Lower middle income;GTM;49.56;156.21;37.99;539.49;2.44;64.82;895.23;123.78;94.59;16.64;135.86;1682.78;1751.16;879.85;259.77;142.85;10.30;849.84;3.91;1372.64;14.69;576.54;495.54;28.04;504.56;278.44;282.14;614.53;1025.26;30.41;1.88
Guinea;14187636;Africa;5. Low income;GIN;712.77;155.14;46.61;601.80;2556.17;113.96;140.98;430.12;693.67;2.20;1005.35;2561.28;3284.04;2535.19;13.52;125.38;0.27;2040.95;17.54;1430.27;13.24;338.10;345.15;53.84;587.45;397.09;537.90;465.12;764.52;75.70;79.20
Guinea-Bissau;2105699;Africa;5. Low income;GNB;662.77;81.21;29.02;394.22;1262.95;116.87;196.75;275.97;1406.80;3.47;1228.38;2506.77;2053.76;2662.20;16.43;179.94;0.38;2696.30;20.80;1041.60;45.16;347.96;350.10;54.00;378.78;648.34;492.62;515.74;885.93;72.42;83.06
Guyana;797770;South America;4. Lower middle income;GUY;44.25;216.85;71.45;290.31;428.69;241.30;591.40;104.54;838.71;4.51;320.39;7993.66;988.25;1317.67;80.60;899.63;4.26;432.20;14.29;2303.42;7.90;1709.77;701.08;13.54;255.21;556.18;374.79;816.15;1288.84;76.96;13.91
Haiti;11724763;North America;5. Low income;HTI;348.75;126.12;49.41;361.75;245.92;358.74;662.86;380.24;2564.61;6.11;390.19;5131.93;1779.62;1337.95;69.06;195.03;1974.37;1678.25;37.99;1943.96;8.78;827.94;416.90;48.56;350.96;285.75;720.14;429.36;917.54;137.76;25.78
Honduras;10370684;North America;4. Lower middle income;HND;42.96;188.36;62.52;74.59;1.98;65.42;972.31;99.86;36.01;16.59;148.43;2612.56;338.42;682.68;73.45;56.18;150.89;563.26;1.22;1305.07;1.55;180.99;482.57;15.69;68.68;279.87;661.95;555.01;1162.46;17.68;7.93
Hungary;9709768;Europe;1. High income: OECD;HUN;29.50;1054.91;228.04;8.21;0.00;66.46;78.11;3.74;36.79;13.79;71.55;19966.78;350.78;135.15;236.05;887.87;0.71;36.96;76.08;10670.64;0.10;681.20;364.12;24.03;3.25;439.47;1601.38;1703.80;2621.49;64.25;1.29
Iceland;375000;Europe;1. High income: OECD;ISL;14.67;780.00;209.07;10.13;0.00;24.53;21.07;0.00;12.80;70.67;18.40;5708.00;738.13;56.00;52.27;295.20;20.27;21.60;8.00;4362.67;0.00;161.87;172.00;8.00;8.80;142.93;704.53;116.27;432.53;16.00;0.00
India;1407563842;Asia;4. Lower middle income;IND;142.72;121.31;53.77;233.78;173.30;149.94;87.89;162.87;174.37;12.00;1123.99;3765.00;1166.51;1485.66;37.45;393.83;8.10;1864.47;23.80;1261.95;5.29;339.68;323.69;12.09;167.40;379.82;1792.67;447.22;838.64;51.90;118.80
Indonesia;273753191;Asia;4. Lower middle income;IDN;123.37;178.10;53.24;220.81;27.27;86.90;29.71;137.70;27.39;4.74;1167.84;4963.23;665.11;817.57;5.90;81.51;70.02;946.35;1.32;1706.89;2.74;689.87;352.32;10.17;204.76;484.20;934.95;821.68;1170.68;18.92;84.71
Iran;87172937;Asia;3. Upper middle income;IRN;35.36;244.05;55.69;16.04;14.93;66.41;69.17;15.92;14.56;87.38;34.02;4436.67;366.81;897.81;7.21;153.29;86.51;59.31;2.07;1425.28;10.56;245.46;282.55;41.86;14.70;964.01;412.15;175.92;289.43;98.59;19.90
Iraq;45504560;Asia;4. Lower middle income;IRQ;65.06;138.48;31.83;23.29;0.19;72.69;198.62;40.76;3.19;25.42;94.00;3638.15;386.03;998.77;2.59;96.01;0.37;155.01;2.29;926.62;740.54;382.03;338.92;8.83;21.46;352.59;179.31;136.99;194.33;69.50;13.08
Ireland;5056935;Europe;1. High income: OECD;IRL;12.30;638.69;160.37;7.83;0.00;34.96;22.39;1.60;10.09;78.66;25.71;6606.55;1070.65;67.59;50.33;291.74;0.40;15.52;6.33;4993.00;0.32;267.49;306.05;8.01;3.70;191.97;1330.13;190.12;606.73;28.12;0.69
Israel;9056013;Asia;1. High income: OECD;ISR;11.54;535.03;135.73;10.93;0.00;16.85;58.03;2.89;13.10;18.11;15.71;3902.22;361.95;114.88;20.56;172.22;0.54;65.49;4.63;3657.12;97.54;702.97;598.27;2.68;8.20;220.04;528.36;206.15;514.75;14.89;1.95
Italy;60461826;Europe;1. High income: OECD;ITA;10.89;1537.87;296.16;21.74;0.00;22.21;38.93;1.41;78.88;36.44;29.06;10939.77;481.36;65.17;15.62;233.51;2.98;21.59;9.04;8556.68;0.12;939.84;573.90;7.29;14.43;387.50;1319.14;715.71;1368.09;22.97;3.58
Jamaica;2999367;North America;3. Upper middle income;JAM;35.44;592.66;114.06;95.72;0.00;15.74;458.26;30.64;455.80;4.43;15.40;5066.67;453.36;623.93;7.77;63.68;3.37;71.01;1.27;3215.55;2.87;1798.61;699.01;3.70;88.62;158.73;545.78;163.17;445.53;20.84;1.87
Japan;127332099;Asia;1. High income: OECD;JPN;11.25;2072.46;242.14;29.92;0.00;148.46;22.34;2.12;4.04;9.62;106.62;7233.40;2088.39;25.80;16.56;676.74;21.63;52.86;34.13;8270.07;0.06;197.25;759.34;9.72;21.92;257.58;966.94;593.33;1149.28;41.12;5.40
Jordan;10502672;Asia;3. Upper middle income;JOR;18.87;96.27;25.03;4.08;0.00;31.59;61.91;28.66;3.81;2.40;9.94;1916.05;222.12;468.82;2.57;45.77;0.60;22.25;1.00;783.35;10.32;341.92;250.48;16.01;3.49;243.78;154.51;105.25;185.04;42.17;4.04
Kazakhstan;19196465;Asia;3. Upper middle income;KAZ;46.46;290.31;84.42;17.31;0.00;226.83;396.98;18.93;39.66;80.44;445.76;11629.48;726.80;402.00;309.92;779.51;1.10;89.44;195.73;3378.95;2.17;257.85;226.28;107.24;11.39;540.63;1170.01;794.88;1191.57;101.72;15.82
Kenya;57277253;Africa;5. Low income;KEN;244.54;89.78;19.56;302.39;530.20;28.90;169.21;185.74;4510.58;2.61;789.27;1394.67;1126.07;1020.72;11.19;114.12;2.70;1273.39;10.23;714.81;16.27;202.78;155.49;34.03;292.70;175.98;286.23;476.59;748.43;33.99;60.69
Kiribati;133515;Oceania;4. Lower middle income;KIR;340.79;124.33;86.88;431.41;0.00;129.57;95.87;211.96;35.95;22.47;1563.12;6280.19;855.33;1277.76;8.24;604.43;0.00;1263.53;11.98;2179.53;10.49;2237.20;638.88;38.95;423.17;402.20;1425.31;548.25;1078.53;22.47;74.90
Kuwait;4310108;Asia;2. High income: nonOECD;KWT;6.84;142.25;22.41;0.53;0.00;15.41;26.96;2.92;1.79;8.17;21.09;1684.46;231.50;134.40;3.99;56.15;0.07;3.71;1.32;614.88;89.39;162.69;153.59;11.07;0.05;312.03;93.43;80.07;131.11;17.31;1.28
Kyrgyzstan;6842678;Asia;5. Low income;KGZ;47.48;284.01;51.46;8.24;0.18;187.89;189.52;29.42;55.05;31.46;280.47;7568.21;764.17;764.48;183.82;287.56;8.77;137.99;54.39;1661.76;9.82;124.82;226.14;51.88;6.77;404.33;1058.17;813.35;971.34;66.79;18.09
Laos;7587888;Asia;4. Lower middle income;LAO;182.03;131.66;40.76;228.34;70.80;246.85;277.02;249.34;83.22;5.13;1459.55;4083.72;2597.40;2039.58;29.34;175.37;4.97;1152.03;5.85;1479.09;5.18;449.37;537.26;21.10;214.43;475.10;1014.43;408.51;878.22;45.48;50.53
Latvia;1897052;Europe;3. Upper middle income;LVA;38.38;1218.31;269.73;15.97;0.00;446.64;457.82;7.96;159.88;87.35;219.29;28695.10;687.75;142.59;577.58;1112.15;0.53;8.17;346.85;9328.84;0.47;479.69;273.64;90.77;4.96;844.10;816.32;664.66;1614.51;362.83;9.65
Lebanon;5353930;Asia;3. Upper middle income;LBN;23.80;407.96;81.60;7.51;0.00;34.33;154.56;14.74;35.60;34.74;31.94;6763.39;411.08;468.12;6.78;80.15;0.90;42.27;1.68;2830.01;92.03;345.69;475.52;18.12;6.33;215.00;526.92;258.67;410.65;48.90;81.83
Lesotho;2142249;Africa;4. Lower middle income;LSO;260.80;188.07;44.35;338.66;0.00;137.85;896.25;214.59;15065.57;6.96;3428.78;4904.75;2744.03;2321.44;37.72;750.15;2.29;2824.23;33.05;2369.10;7.05;1246.12;567.72;59.56;329.42;1002.64;1577.64;505.31;1108.04;145.83;48.41
Liberia;5409592;Africa;5. Low income;LBR;438.26;118.01;33.20;421.12;2695.45;64.29;103.58;409.70;916.61;2.22;732.48;1956.04;1575.78;1712.16;12.72;104.30;0.26;2632.95;9.59;810.17;379.29;257.78;277.04;34.53;404.43;238.65;272.35;455.84;719.28;46.08;60.71
Libya;7147691;Africa;3. Upper middle income;LBY;23.64;283.10;48.92;6.95;0.00;46.07;109.99;14.26;18.92;43.45;29.38;3332.25;283.91;493.66;6.58;104.82;0.22;51.97;1.76;1377.59;275.56;205.28;341.09;23.90;5.95;749.84;312.74;216.14;333.95;53.01;17.95
Lithuania;2610288;Europe;3. Upper middle income;LTU;39.92;1257.56;240.24;7.28;0.00;450.22;372.14;5.25;68.34;107.38;351.15;25202.77;618.51;127.00;679.66;1617.33;0.77;11.53;340.04;9270.47;0.73;278.82;257.44;173.93;3.26;828.95;1218.56;979.82;1963.23;162.86;2.80
Luxembourg;656110;Europe;1. High income: OECD;LUX;7.32;695.62;192.50;24.08;0.00;14.78;32.31;1.52;19.97;66.76;12.04;6363.87;512.72;42.37;101.20;309.40;0.30;47.25;4.57;5161.79;0.15;279.07;376.61;5.49;22.25;230.91;873.18;423.86;885.83;14.48;0.00
Madagascar;29800741;Africa;5. Low income;MDG;274.00;62.39;15.48;872.99;678.13;50.78;39.47;252.09;117.42;2.85;1154.79;2595.88;1639.60;1297.74;11.15;113.54;6.95;2148.57;12.48;774.06;4.51;201.04;143.87;36.00;848.67;244.80;500.90;353.30;536.90;38.82;23.25
Malawi;20592238;Africa;5. Low income;MWI;521.72;93.03;21.93;550.23;1963.30;68.06;44.40;189.53;6144.78;3.48;1332.23;1804.34;1845.56;1910.21;13.72;139.93;4.63;2005.86;11.86;1100.41;0.45;282.45;199.77;46.18;532.27;270.75;301.44;485.54;737.42;49.67;59.31
Malaysia;33871430;Asia;3. Upper middle income;MYS;30.13;190.77;48.05;16.42;4.24;64.16;50.11;28.95;147.15;7.06;191.25;3525.26;993.85;173.72;13.46;114.58;2.34;93.83;1.10;1684.41;0.36;266.39;336.12;16.29;15.57;528.10;540.75;279.68;597.73;21.83;17.72
Maldives;521208;Seven seas (open ocean);3. Upper middle income;MDV;16.12;122.98;34.54;57.75;0.00;132.58;34.92;73.48;2.30;5.18;146.97;2199.31;164.81;731.76;5.76;75.21;19.57;120.30;0.00;773.20;0.00;190.52;323.48;0.00;45.28;106.29;580.19;126.63;196.27;26.86;7.10
Mali;21979833;Africa;5. Low income;MLI;863.10;108.70;29.55;1385.56;3235.18;112.04;171.93;368.50;625.04;1.45;794.12;1928.93;1764.03;3399.61;9.40;86.71;0.56;2635.02;14.29;871.01;149.11;252.00;258.24;60.43;1355.58;279.37;471.32;390.71;674.43;77.57;69.05
Malta;445205;Europe;2. High income: nonOECD;MLT;17.30;873.08;234.27;6.74;0.00;30.77;38.41;3.59;16.62;38.41;9.66;8916.34;977.53;106.47;17.30;154.76;0.22;11.46;6.74;5310.81;0.67;703.72;522.91;6.74;3.82;151.39;868.36;266.84;716.07;14.38;0.00
Marshall Islands;41996;Oceania;4. Lower middle income;MHL;116.68;159.54;116.68;145.25;0.00;435.76;285.74;142.87;133.35;0.00;628.63;8224.59;1585.87;1202.50;64.29;811.98;0.00;664.35;0.00;2678.83;0.00;1657.30;821.51;0.00;138.11;740.55;1681.11;623.87;1088.20;71.44;35.72
Mauritania;4994931;Africa;5. Low income;MRT;213.06;136.74;35.84;274.66;521.59;34.45;97.54;377.90;22.86;2.10;407.33;1919.35;1294.93;1513.09;8.77;77.90;1.52;1719.78;7.79;881.27;3.12;275.60;297.54;21.42;263.41;513.56;287.55;354.16;597.73;33.57;22.12
Mauritius;1298815;Seven seas (open ocean);3. Upper middle income;MUS;24.95;449.49;94.01;29.49;0.00;97.32;73.07;19.25;98.01;19.56;35.72;7308.89;619.56;410.76;155.83;307.51;2.39;74.45;1.62;2359.15;0.00;2385.10;1693.39;6.01;27.56;409.22;1031.17;686.55;952.79;82.84;2.62
Mexico;132938840;North America;3. Upper middle income;MEX;18.77;303.23;65.47;202.90;0.16;70.16;417.46;31.66;110.95;9.99;85.58;2440.61;484.26;552.31;97.33;119.11;3.45;205.82;4.02;1605.96;1.00;999.68;889.65;13.57;176.61;449.40;580.36;741.00;1115.60;23.99;5.49
Micronesia;113131;Oceania;4. Lower middle income;FSM;78.67;175.02;112.26;113.14;0.00;340.31;238.66;108.72;401.30;26.52;441.97;7394.97;1200.38;670.02;42.43;628.47;46.85;442.85;13.26;2378.66;0.00;2025.97;1012.98;26.52;109.61;620.52;1582.24;499.42;898.96;42.43;15.91
Moldova;3435931;Europe;4. Lower middle income;MDA;45.72;730.52;141.48;4.98;0.00;276.43;383.97;13.94;145.49;28.96;319.65;21740.75;947.49;280.77;368.05;654.96;2.01;27.94;201.23;5304.82;31.11;302.36;160.83;215.89;3.35;590.58;1356.46;2953.49;3723.71;147.47;8.15
Monaco;36297;Europe;2. High income: nonOECD;MCO;0.00;1991.90;473.87;0.00;0.00;82.65;0.00;0.00;77.14;0.00;104.69;14775.33;1793.54;27.55;0.00;451.83;0.00;0.00;0.00;15910.41;0.00;297.55;523.46;13.78;0.00;192.85;1537.32;575.81;1369.26;0.00;0.00
Mongolia;3447157;Asia;4. Lower middle income;MNG;125.78;130.66;36.15;20.05;0.00;146.96;255.49;66.32;5.22;11.20;424.00;6702.51;1245.93;870.43;260.30;476.60;8.18;203.79;211.48;3483.80;4.53;81.72;332.65;133.91;1.39;442.13;406.02;1007.53;1448.61;79.11;51.38
Montenegro;628301;Europe;3. Upper middle income;MNE;10.19;703.80;195.77;4.77;0.00;61.28;132.42;3.98;9.39;5.09;29.92;16089.74;308.77;246.54;38.68;567.88;0.16;4.77;26.58;6454.55;0.48;596.85;505.49;19.26;4.77;322.78;345.38;218.53;661.47;62.39;0.00
Morocco;37840044;Africa;4. Lower middle income;MAR;77.09;270.17;65.58;25.71;0.00;45.28;28.82;102.81;46.38;20.40;444.59;6741.79;667.45;1057.98;7.25;200.99;4.88;404.93;9.30;1436.72;0.45;297.96;482.50;23.51;22.61;806.42;564.33;279.74;474.65;78.22;42.02
Mozambique;33848648;Africa;5. Low income;MOZ;356.80;94.45;20.61;578.01;2416.49;65.78;100.04;154.72;4553.40;5.33;1780.43;1970.30;1614.62;2170.75;14.91;138.04;7.66;1520.41;12.11;787.22;16.47;277.07;172.38;48.88;558.21;338.43;279.33;195.90;461.86;53.59;51.17
Myanmar;55488112;Asia;5. Low income;MMR;251.13;231.76;63.16;169.23;283.20;280.69;53.69;114.88;484.01;9.49;1561.57;6348.07;2078.95;1549.28;24.67;134.56;252.18;1272.38;0.93;2271.69;32.89;938.09;520.81;90.65;154.64;524.60;2258.50;955.48;1341.17;22.44;30.87
Namibia;2624172;Africa;3. Upper middle income;NAM;151.63;170.95;43.79;282.30;281.35;81.17;440.60;109.14;5957.54;5.34;1275.60;3583.53;1626.11;1156.86;24.73;255.32;10.06;1047.84;20.88;1225.00;8.23;718.47;323.53;32.28;274.91;579.15;888.78;326.77;713.60;90.39;11.78
Nauru;12780;Oceania;4. Lower middle income;NRU;148.67;0.00;0.00;172.14;0.00;438.18;234.74;179.97;46.95;0.00;234.74;6040.69;1431.92;1095.46;0.00;571.21;0.00;187.79;0.00;1768.39;0.00;1259.78;633.80;0.00;172.14;852.90;1001.56;469.48;657.28;0.00;0.00
Nepal;30896590;Asia;5. Low income;NPL;121.02;134.01;44.48;350.27;5.32;202.35;43.89;258.93;111.62;2.13;975.53;2957.45;1627.27;1679.90;16.25;286.84;50.40;1150.35;21.36;1316.90;46.76;176.09;277.75;58.00;308.33;216.24;2662.73;608.49;884.39;16.69;87.34
Netherlands;17134872;Europe;1. High income: OECD;NLD;21.78;1115.24;247.56;35.45;0.00;17.24;34.08;2.57;30.16;21.39;25.35;7787.96;1107.20;78.38;56.64;333.13;0.25;44.70;5.00;7812.32;1.34;605.60;447.20;3.09;25.81;201.05;1534.91;301.10;1017.00;21.17;0.95
New Zealand;4938145;Oceania;1. High income: OECD;NZL;13.81;829.06;166.78;7.21;0.00;36.21;39.16;4.03;13.59;28.57;13.73;6653.51;435.73;85.56;26.35;321.92;5.81;25.17;3.67;5012.31;0.00;355.03;353.27;5.06;5.10;298.47;1170.66;145.24;517.60;16.65;0.85
Nicaragua;6850540;North America;4. Lower middle income;NIC;61.86;199.05;59.57;129.99;4.17;76.11;188.58;39.56;96.61;3.72;103.39;2465.31;542.28;601.22;118.33;135.48;70.87;368.79;1.27;1267.97;4.80;499.90;834.90;12.00;129.26;268.29;395.87;440.08;657.80;12.16;4.13
Niger;26800960;Africa;5. Low income;NER;1174.66;54.83;15.17;462.60;2589.32;93.59;137.18;291.63;259.09;0.90;645.79;1231.06;2770.45;1959.68;7.46;67.63;1.82;3813.05;11.14;467.51;12.51;139.97;166.31;44.93;451.63;230.94;279.52;266.59;502.60;63.65;38.20
Nigeria;221266212;Africa;4. Lower middle income;NGA;687.13;109.24;30.07;129.64;2902.41;46.88;138.68;237.53;1001.83;2.21;799.67;1887.54;2674.39;2378.23;12.81;86.00;0.86;3366.68;11.91;731.58;35.66;244.51;210.00;48.63;122.24;220.41;290.02;449.78;775.63;50.07;54.17
Niue;1659;Oceania;3. Upper middle income;NIU;0.00;723.33;0.00;0.00;0.00;0.00;0.00;0.00;0.00;0.00;0.00;15852.92;1808.32;60.28;0.00;0.00;60.28;0.00;0.00;5424.95;0.00;4822.18;1808.32;0.00;0.00;0.00;2712.48;542.50;1808.32;0.00;0.00
North Korea;25971909;Asia;5. Low income;PRK;54.87;339.16;101.22;2433.61;0.31;227.43;102.36;63.42;37.04;30.70;410.01;8630.30;974.74;811.17;36.67;339.09;10.28;69.31;12.60;3767.26;0.01;369.17;393.18;49.99;2423.35;884.97;3006.34;509.90;908.96;36.94;29.67
North Macedonia;1836713;Europe;3. Upper middle income;MKD;21.07;498.50;211.63;2.01;0.00;44.43;100.72;5.01;3.05;15.35;137.26;19645.91;331.79;386.67;46.11;346.05;2.01;74.15;9.42;7021.29;11.71;1273.58;476.07;15.30;0.76;305.71;1029.23;436.65;842.65;21.89;1.96
Northern Mariana Islands;49481;Oceania;2. High income: nonOECD;MNP;0.00;181.89;90.94;60.63;0.00;284.96;236.45;56.59;46.48;0.00;88.92;4729.09;567.89;224.33;113.17;535.56;10.10;88.92;0.00;3219.42;10.10;1058.99;909.44;0.00;60.63;606.29;850.83;741.70;1020.59;24.25;0.00
Norway;5474360;Europe;1. High income: OECD;NOR;16.04;1192.54;216.04;25.61;0.00;37.36;23.55;1.46;14.12;138.24;31.75;8955.42;1253.39;52.94;141.72;328.99;2.56;122.83;17.74;6309.12;1.61;365.12;328.07;10.43;21.59;165.15;1241.68;198.45;771.34;37.61;1.10
Oman;4640352;Asia;2. High income: nonOECD;OMN;12.11;79.09;27.95;33.88;6.79;75.94;13.53;15.88;29.91;5.84;17.69;2847.26;253.54;289.09;3.77;57.93;3.32;29.09;6.12;611.27;0.00;322.67;89.54;14.37;2.44;1225.25;141.76;137.71;176.43;12.71;28.75
Pakistan;240485658;Asia;4. Lower middle income;PAK;313.06;101.51;38.55;188.34;88.82;52.32;143.27;209.50;15.37;7.41;960.43;3220.65;1010.15;3224.04;18.92;158.39;36.66;1325.45;5.82;1510.72;27.96;351.51;363.84;27.95;123.09;175.47;946.62;432.14;633.31;31.37;121.85
Palau;18024;Oceania;3. Upper middle income;PLW;0.00;249.67;166.44;0.00;0.00;332.89;366.18;5.55;99.87;0.00;166.44;8427.65;2812.92;321.79;0.00;482.69;0.00;221.93;0.00;4388.59;0.00;2513.32;1520.20;110.96;0.00;565.91;2435.64;515.98;837.77;166.44;0.00
Palestine;5452473;Asia;4. Lower middle income;PSE;33.98;119.47;32.70;7.72;0.00;33.09;89.98;16.01;4.09;1.96;17.17;2717.70;269.93;863.13;2.31;44.27;0.18;26.54;0.94;954.08;842.87;384.82;289.26;3.34;7.06;185.05;213.76;141.42;211.85;23.53;4.36
Panama;4468087;North America;3. Upper middle income;PAN;35.00;417.05;75.27;102.12;1.23;99.95;319.56;30.15;302.61;7.16;138.49;2650.11;400.19;294.65;15.53;117.54;4.50;127.35;0.87;1768.41;1.14;473.02;433.99;9.06;95.05;356.64;409.62;223.61;433.77;12.49;2.46
Papua New Guinea;9949437;Oceania;4. Lower middle income;PNG;211.88;80.30;39.99;63.16;361.80;89.61;153.40;199.23;648.41;4.37;419.18;2950.16;1664.39;997.92;17.89;58.94;30.78;857.15;6.65;1032.50;2.81;835.81;141.44;33.75;62.25;475.55;1516.80;130.12;284.14;162.83;26.94
Paraguay;6861524;South America;4. Lower middle income;PRY;51.40;354.73;58.57;99.47;0.31;69.26;314.16;62.14;149.15;3.05;105.33;3104.70;558.23;546.44;65.67;120.50;2.42;173.11;2.05;1730.53;1.01;622.51;438.71;6.43;97.75;441.46;313.60;214.65;491.44;23.27;1.25
Peru;34333716;South America;3. Upper middle income;PER;26.81;346.72;80.34;177.25;15.34;86.18;104.26;88.02;164.25;11.75;346.58;1983.53;1479.75;645.90;31.13;77.64;10.56;217.03;11.87;2056.57;27.99;260.08;462.76;19.31;163.90;381.58;433.13;456.28;875.00;31.29;5.83
Philippines;117337368;Asia;4. Lower middle income;PHL;81.56;171.00;39.20;106.38;9.02;126.14;388.44;51.31;94.53;5.73;736.16;3174.36;1182.22;748.35;25.78;86.73;39.96;347.11;3.92;1401.23;21.28;441.94;501.13;5.28;93.53;232.12;663.27;270.69;574.60;23.40;12.36
Poland;41026067;Europe;1. High income: OECD;POL;17.74;880.53;185.50;7.27;0.00;90.36;73.97;2.48;8.08;15.45;80.90;12755.63;650.14;120.60;278.82;548.09;0.59;9.44;31.66;7463.79;0.10;459.25;347.49;34.93;5.29;465.42;836.67;593.54;1220.67;49.66;1.00
Portugal;10247605;Europe;1. High income: OECD;PRT;19.79;1148.28;261.11;37.39;0.00;41.17;71.25;2.60;229.95;16.88;104.75;11398.93;1682.12;78.61;44.98;432.41;1.30;31.93;11.62;7876.49;0.11;1136.02;857.91;9.68;29.45;586.61;1681.82;787.47;1523.35;49.92;3.47
Puerto Rico;3260314;North America;2. High income: nonOECD;PRI;18.19;1176.14;224.46;78.18;0.00;48.00;782.47;9.88;623.77;141.09;37.82;7517.93;1151.94;281.97;166.30;283.04;73.61;57.54;3.86;5235.54;1.72;2520.83;1271.17;18.40;70.76;535.13;1372.20;968.47;1489.18;34.14;5.77
Qatar;2716391;Asia;2. High income: nonOECD;QAT;4.86;19.33;9.87;1.10;0.00;27.68;13.88;7.29;3.72;3.64;8.36;710.69;46.05;101.38;3.24;77.49;0.00;4.12;2.61;405.21;0.22;197.58;73.66;4.42;0.18;467.94;41.53;96.64;120.93;23.49;1.58
Romania;19892812;Europe;3. Upper middle income;ROU;27.13;848.62;230.25;9.25;0.00;177.70;103.94;11.87;39.86;28.35;272.37;22495.14;1039.57;160.76;166.50;401.74;1.75;22.09;60.22;6801.22;3.18;318.95;351.25;93.82;7.60;505.11;1448.49;1657.71;2257.23;83.44;4.87
Russia;144444359;Europe;3. Upper middle income;RUS;41.90;673.13;163.64;11.01;0.00;292.88;841.28;10.40;242.78;179.62;366.82;23471.86;770.87;164.72;827.08;1241.90;2.14;19.36;397.23;6285.68;27.09;255.91;225.30;206.97;5.65;738.85;1051.06;854.04;1660.47;223.32;2.49
Rwanda;14076323;Africa;5. Low income;RWA;379.25;86.69;20.91;538.93;1407.09;63.62;84.99;259.08;1609.57;2.49;1488.12;1977.33;1843.69;1491.36;19.39;143.51;3.25;2190.32;11.98;1053.78;3756.51;294.00;200.02;43.61;522.64;502.18;481.30;469.96;772.19;47.75;49.64
Saint Kitts and Nevis;54311;North America;2. High income: nonOECD;KNA;62.60;408.76;158.35;257.77;0.00;141.78;497.14;69.97;843.29;0.00;77.33;8368.47;1106.59;528.44;370.09;110.47;9.21;198.85;0.00;3995.51;0.00;1380.94;1106.59;0.00;206.22;382.98;486.09;506.34;1027.42;127.05;0.00
Saint Lucia;186105;North America;3. Upper middle income;LCA;40.30;392.79;118.21;97.79;0.00;151.53;415.89;27.40;136.48;11.82;85.44;5145.48;642.11;476.08;96.72;173.02;14.51;88.12;0.00;3215.93;4.30;1497.54;675.96;4.84;83.82;414.28;650.71;388.49;669.51;52.66;0.00
Saint Vincent and the Grenadines;111980;North America;3. Upper middle income;VCT;59.83;450.08;120.56;223.25;0.00;202.71;514.38;27.68;621.54;0.00;90.19;7492.41;882.30;703.70;143.78;190.21;22.33;154.49;0.00;3915.88;3.57;2185.21;758.17;2.68;201.82;295.59;386.68;361.67;833.18;92.87;0.00
Samoa;225681;Oceania;4. Lower middle income;WSM;41.21;282.70;110.33;58.05;0.00;171.92;149.77;25.70;81.09;13.29;201.61;5930.05;804.68;331.44;23.48;319.92;84.63;159.07;13.29;1671.83;0.00;1285.89;644.72;13.29;55.83;391.70;1381.60;348.28;656.24;26.59;13.29
San Marino;33642;Europe;2. High income: nonOECD;SMR;0.00;1141.43;157.54;0.00;0.00;0.00;0.00;0.00;74.31;0.00;0.00;6863.44;505.32;89.17;0.00;306.16;0.00;0.00;0.00;7939.48;0.00;329.94;237.80;0.00;0.00;267.52;680.70;570.72;933.36;0.00;0.00
Sao Tome and Principe;223107;Africa;4. Lower middle income;STP;116.98;154.63;47.51;232.18;946.63;47.96;114.74;118.33;5.38;4.48;345.57;2953.29;1660.19;883.43;16.58;39.44;0.00;716.25;0.00;1390.81;0.00;148.81;512.76;17.03;222.31;232.18;962.32;628.40;869.99;5.83;46.17
Saudi Arabia;36417948;Asia;2. High income: nonOECD;SAU;17.72;97.81;34.80;8.92;2.28;50.82;21.16;22.97;30.50;9.43;133.27;2698.66;298.38;404.24;5.23;73.66;1.14;65.97;0.67;658.85;2.75;178.84;377.32;15.57;8.60;1107.65;255.64;252.67;327.22;44.58;5.92
Senegal;18050442;Africa;4. Lower middle income;SEN;393.61;128.00;35.25;154.77;1737.69;52.52;23.06;263.68;367.03;2.05;655.55;1907.11;1324.37;1744.31;10.43;133.49;1.52;1642.92;10.14;878.82;13.03;278.22;296.80;35.26;148.54;247.37;358.20;313.83;570.99;43.63;19.22
Serbia;8633459;Europe;3. Upper middle income;SRB;17.27;675.27;224.37;6.03;0.00;57.83;128.40;5.03;20.41;18.65;99.32;21678.72;445.45;270.48;146.15;716.76;1.27;10.20;24.85;8669.29;173.77;1117.45;697.50;18.60;3.12;386.03;1353.68;549.99;1432.77;41.52;2.85
Seychelles;107660;Seven seas (open ocean);3. Upper middle income;SYC;111.46;414.27;131.90;61.30;0.00;301.88;144.90;30.65;114.25;22.29;134.68;5887.98;1556.75;300.95;24.15;211.78;7.43;148.62;0.00;3548.21;0.00;466.28;880.55;19.51;56.66;368.75;786.74;731.01;1188.93;55.73;15.79
Sierra Leone;8791092;Africa;5. Low income;SLE;744.14;118.47;33.78;674.14;4487.39;106.80;30.25;378.70;726.37;1.95;952.25;2326.18;2973.92;2532.55;11.25;107.76;17.79;1867.52;14.06;859.31;241.95;251.05;263.04;53.80;659.33;382.46;409.94;364.14;641.31;69.34;77.99
Singapore;6014723;Asia;2. High income: nonOECD;SGP;6.04;341.91;63.89;0.65;0.00;11.87;22.38;1.58;20.63;4.36;42.98;2769.77;1037.57;27.58;4.37;231.45;0.00;12.12;1.00;2375.32;0.08;150.38;205.13;2.09;0.32;112.94;353.17;100.55;219.98;5.62;0.52
Slovakia;5801209;Europe;1. High income: OECD;SVK;14.96;754.98;158.86;3.86;0.00;85.88;82.21;2.65;2.19;16.41;31.56;14117.20;1045.13;118.65;96.70;429.58;1.76;8.48;65.62;6121.76;0.12;397.93;354.63;18.01;2.71;366.63;542.90;858.82;1444.58;35.89;1.31
Slovenia;2079782;Europe;1. High income: OECD;SVN;13.41;1159.30;219.45;4.42;0.00;41.88;43.42;2.02;5.29;28.22;36.30;10611.21;886.63;56.64;218.00;801.05;2.40;6.64;33.61;7637.96;1.35;579.05;257.58;14.09;1.01;405.19;919.42;1002.61;1705.85;19.28;1.44
Solomon Islands;707851;Oceania;4. Lower middle income;SLB;94.65;60.89;58.91;140.28;679.66;407.71;152.29;248.78;79.25;11.30;186.76;6793.10;2124.88;635.59;36.02;467.33;20.48;1219.18;11.58;1697.39;0.57;1109.27;396.55;54.96;139.01;522.00;1149.68;427.77;640.25;70.92;54.81
Somalia;18143378;Africa;5. Low income;SOM;577.29;47.36;13.89;1409.81;665.63;109.01;301.01;379.02;457.89;2.06;2579.62;2017.28;3014.81;2422.76;15.85;143.96;17.53;2779.45;28.61;879.55;283.25;281.78;203.79;72.09;1379.21;402.72;465.77;430.50;681.91;74.25;144.59
South Africa;61522545;Africa;3. Upper middle income;ZAF;129.86;230.55;47.59;153.30;10.00;96.41;1108.47;91.62;7922.78;12.05;1283.73;3632.32;1598.86;1096.88;28.90;403.51;1.43;975.76;24.59;2210.95;6.16;990.47;452.39;33.70;148.02;1037.74;904.77;302.47;634.48;115.81;7.64
South Korea;51399539;Asia;1. High income: OECD;KOR;11.37;528.92;107.27;19.30;0.32;76.09;57.86;4.62;5.41;7.86;245.01;4043.94;419.64;75.28;66.76;659.57;4.88;35.32;17.93;4273.44;0.58;623.80;274.83;24.36;10.35;602.27;741.53;690.87;997.71;39.05;3.96
South Sudan;11581878;Africa;5. Low income;SSD;605.32;93.95;21.01;1440.60;1439.96;74.16;159.61;176.43;1044.32;1.92;1226.86;1603.25;2609.70;2454.48;11.53;94.47;2.36;1938.71;19.23;871.86;358.00;237.79;200.48;46.71;1411.91;250.89;334.63;364.41;593.57;58.98;52.48
Spain;47615034;Europe;1. High income: OECD;ESP;15.82;1383.29;278.90;20.94;0.00;36.23;26.10;1.37;126.13;49.60;39.59;7827.07;693.92;54.48;25.32;235.21;1.02;41.98;5.55;6524.63;1.86;620.25;678.11;8.67;12.21;333.82;1875.65;591.06;1341.37;17.19;1.00
Sri Lanka;21878602;Asia;4. Lower middle income;LKA;53.86;343.23;76.99;33.95;32.48;147.05;143.43;24.95;8.80;18.70;189.86;5254.12;595.50;348.29;71.38;771.61;170.16;216.18;11.48;1827.93;376.38;1064.51;561.26;13.50;31.86;433.73;1606.81;647.31;768.86;54.39;4.00
Sudan;46882872;Africa;4. Lower middle income;SDN;110.92;132.98;33.33;156.68;214.92;133.49;66.00;191.18;194.60;13.92;123.43;4025.92;798.03;1993.27;5.30;106.12;2.26;1196.60;4.35;766.15;197.91;112.77;226.45;54.15;150.68;452.46;458.50;238.87;364.88;100.15;143.31
Suriname;602174;South America;3. Upper middle income;SUR;53.97;344.92;72.90;86.85;145.64;130.69;216.71;46.83;551.17;12.12;57.62;5128.58;633.87;938.77;55.47;590.03;0.00;261.55;1.16;2266.12;0.17;787.65;759.75;11.96;81.87;451.03;427.95;476.27;949.89;54.97;6.81
Sweden;10099265;Europe;1. High income: OECD;SWE;11.46;1458.92;312.38;28.90;0.00;34.39;38.66;1.20;13.65;76.30;39.61;12020.14;960.00;45.73;125.21;447.98;0.59;114.73;20.28;7032.73;0.27;544.42;376.75;11.68;23.16;168.80;1059.76;283.53;915.11;31.61;0.96
Switzerland;8841742;Europe;1. High income: OECD;CHE;18.54;1245.29;247.90;24.67;0.00;22.13;26.62;1.56;32.81;85.97;20.26;8171.60;672.94;59.03;90.30;496.47;3.96;46.54;3.72;5845.17;0.27;512.16;446.68;3.55;14.15;184.30;912.80;344.38;867.71;15.31;2.06
Syria;18759278;Asia;4. Lower middle income;SYR;74.44;170.11;45.56;29.88;0.17;37.34;50.16;30.84;2.88;16.98;21.19;5634.44;409.22;696.92;7.80;52.45;0.70;70.96;4.94;1059.35;1947.27;223.55;353.76;16.09;24.87;331.06;424.84;257.97;341.27;35.59;6.57
Taiwan;23944144;Asia;1. High income: OECD;TWN;19.41;571.36;151.13;17.65;0.00;110.27;72.44;3.57;14.20;36.82;181.82;4099.78;936.38;68.69;31.99;458.21;15.42;8.92;2.38;4797.12;0.15;1113.16;649.32;28.98;16.58;670.32;908.63;840.97;1290.51;29.37;1.12
Tajikistan;10171770;Asia;5. Low income;TJK;102.55;155.76;54.04;34.51;48.49;225.66;107.59;25.32;22.86;5.21;218.40;5268.73;1550.41;886.04;50.15;95.64;20.37;661.55;3.04;1180.80;238.56;247.53;65.98;29.15;5.51;170.05;496.25;442.51;585.02;98.32;36.77
Tanzania;67438106;Africa;5. Low income;TZA;217.22;99.21;21.34;475.33;1187.00;52.67;110.86;198.32;3655.27;4.23;946.82;1713.30;1793.18;1664.12;10.41;105.26;1.20;1103.04;9.39;933.06;1.04;249.38;185.34;40.67;459.47;208.90;241.66;320.20;519.53;44.90;29.12
Thailand;71801279;Asia;3. Upper middle income;THA;52.05;467.69;97.31;44.76;11.97;235.73;300.99;25.16;861.45;17.18;432.45;3582.38;687.32;214.17;30.62;346.41;16.44;233.00;1.73;3299.53;9.81;538.24;709.89;10.75;40.10;998.67;927.76;601.20;985.62;27.46;11.47
Timor;1392759;Asia;4. Lower middle income;TLS;118.33;115.96;33.10;447.03;353.83;169.66;59.95;223.94;481.27;2.44;713.40;2847.23;1796.29;1524.74;12.42;101.31;0.36;801.57;4.31;1054.60;422.54;236.15;306.94;10.27;425.41;253.31;727.41;309.31;652.45;29.65;24.27
Togo;9041940;Africa;5. Low income;TGO;297.00;78.93;21.73;170.47;1770.89;56.74;124.15;204.54;1987.49;3.11;685.79;1804.19;1460.17;1726.60;11.44;130.47;0.80;2482.54;10.66;772.18;7.06;210.10;223.02;30.91;163.04;395.90;318.99;329.77;561.79;43.05;38.92
Tokelau;1881;Oceania;1. High income: OECD;TKL;0.00;0.00;0.00;0.00;0.00;0.00;0.00;0.00;0.00;0.00;0.00;7442.85;1275.92;159.49;0.00;0.00;0.00;0.00;0.00;2605.00;0.00;1594.90;318.98;0.00;0.00;0.00;1807.55;0.00;691.12;0.00;0.00
Tonga;109241;Oceania;4. Lower middle income;TON;195.90;367.99;114.43;109.85;0.00;155.62;79.64;72.32;35.70;0.00;166.60;4222.77;937.38;544.67;27.46;129.07;10.07;101.61;0.00;3013.52;0.00;1786.87;707.61;32.04;107.10;270.96;1145.17;512.63;1003.29;82.39;160.20
Trinidad and Tobago;1412893;North America;2. High income: nonOECD;TTO;46.71;457.71;104.11;67.52;0.00;114.87;580.16;23.92;597.50;11.89;52.23;7332.40;585.89;482.34;47.42;362.31;1.63;68.16;2.12;3205.41;11.11;2859.31;795.32;7.50;62.78;440.73;463.38;333.85;819.45;45.79;6.16
Tunisia;12184005;Africa;3. Upper middle income;TUN;31.85;377.87;76.81;8.68;0.00;50.21;22.33;27.55;18.79;24.52;38.90;6319.58;438.45;655.93;6.92;92.33;0.78;34.93;1.98;1682.82;4.01;265.50;435.66;25.15;7.49;625.66;504.01;254.09;407.72;59.73;23.28
Turkey;87023010;Asia;3. Upper middle income;TUR;37.59;430.40;82.45;28.22;0.21;33.73;70.13;24.88;3.41;6.03;75.28;4789.35;547.08;722.91;6.29;93.82;24.10;60.34;2.00;2475.75;42.99;556.62;471.68;18.22;22.20;250.37;842.41;205.85;381.87;16.67;29.01
Turkmenistan;6293471;Asia;3. Upper middle income;TKM;55.07;176.20;33.53;10.46;0.19;159.77;105.32;30.43;62.76;16.87;286.17;6961.09;1305.15;709.91;87.69;205.05;0.27;266.48;43.04;1285.05;19.07;224.60;243.43;24.45;4.74;202.69;263.15;763.44;909.04;108.72;43.84
Tuvalu;11204;Oceania;3. Upper middle income;TUV;44.63;312.39;267.76;124.96;0.00;267.76;267.76;44.63;62.48;0.00;410.57;9996.43;1597.64;838.99;0.00;535.52;0.00;446.27;0.00;3079.26;0.00;2356.30;963.94;0.00;124.96;714.03;2213.50;535.52;1071.05;160.66;0.00
Uganda;48505594;Africa;5. Low income;UGA;370.97;70.41;16.96;395.48;2609.24;46.87;105.11;116.83;4333.87;1.62;1012.86;1304.73;1162.83;1956.66;11.27;105.31;1.69;1021.59;8.72;868.37;48.36;219.23;148.90;32.12;386.52;278.33;294.43;253.57;438.63;35.49;22.50
Ukraine;42948487;Europe;4. Lower middle income;UKR;41.11;861.03;217.91;18.38;0.00;394.20;442.61;8.81;412.46;105.54;341.13;30392.34;550.30;174.97;705.64;1034.09;0.74;8.42;280.31;7428.28;22.30;222.88;134.51;188.62;7.69;664.39;1560.99;1186.82;1832.17;221.23;7.39
United Arab Emirates;10243847;Asia;2. High income: nonOECD;ARE;10.61;16.14;11.54;1.66;0.00;32.73;21.06;2.76;18.22;98.88;20.74;1105.22;96.41;52.20;10.10;103.59;0.00;9.97;1.98;621.26;0.02;160.22;177.68;6.72;0.93;630.44;236.17;59.43;89.82;31.70;9.40
United Kingdom;67941000;Europe;1. High income: OECD;GBR;17.06;1118.86;263.33;7.37;0.00;14.86;20.84;2.59;16.65;88.98;22.21;9718.82;1828.04;90.78;56.36;252.59;0.60;52.48;8.28;7627.90;2.42;286.79;250.10;8.78;4.41;168.34;1903.74;357.91;1221.01;23.07;1.00
United States;336745543;North America;1. High income: OECD;USA;11.89;980.74;196.38;39.51;0.00;34.08;177.23;7.49;156.92;237.81;11.32;7851.13;667.75;127.55;91.99;347.11;3.18;59.27;12.00;5614.12;3.71;603.02;599.41;11.96;35.94;403.79;1469.67;449.69;898.88;37.63;1.74
United States Virgin Islands;98750;North America;2. High income: nonOECD;VIR;13.16;596.46;263.29;98.23;0.00;183.29;985.32;21.27;337.22;69.87;30.38;10675.44;558.99;317.97;306.84;251.14;19.24;30.38;25.32;6851.65;0.00;1695.19;1040.00;12.15;94.18;529.62;650.13;804.05;1347.85;51.65;0.00
Uruguay;3509307;South America;3. Upper middle income;URY;39.87;946.03;237.54;91.24;0.00;95.80;152.57;12.34;124.38;7.86;75.91;9019.93;1124.67;291.03;73.49;498.70;0.66;113.13;5.44;7774.81;0.09;652.27;615.39;16.24;72.58;491.38;1570.00;427.61;1226.54;56.85;1.94
Uzbekistan;34902849;Asia;4. Lower middle income;UZB;47.77;118.23;39.06;10.02;0.14;190.90;80.27;19.76;35.27;9.90;272.28;7878.53;1361.51;665.06;42.46;240.07;0.34;101.51;13.98;1446.90;2.45;392.54;301.52;30.14;2.16;345.01;419.86;827.36;978.17;83.77;34.91
Vanuatu;328392;Oceania;4. Lower middle income;VUT;58.16;100.79;69.12;109.93;379.73;228.99;22.84;70.65;75.52;8.53;326.13;4982.46;853.55;726.27;22.23;356.59;53.90;587.10;9.14;1261.60;0.00;618.77;354.45;17.36;108.41;452.20;1142.23;334.97;623.34;28.32;31.36
Venezuela;28198018;South America;3. Upper middle income;VEN;41.19;385.61;65.87;79.98;13.21;71.90;943.58;45.18;163.45;5.90;83.58;4110.19;441.05;547.85;20.65;205.55;110.03;218.66;0.95;2275.79;3.71;623.41;573.33;9.25;75.70;620.74;433.36;325.27;597.08;17.55;3.93
Vietnam;98858950;Asia;4. Lower middle income;VNM;39.00;373.63;84.28;49.17;17.51;216.83;48.53;13.32;150.56;20.19;738.11;5385.37;647.22;454.80;20.29;199.88;12.67;110.97;3.00;2181.12;0.10;550.50;401.45;35.08;7.45;601.85;922.31;533.28;744.31;17.58;31.00
Yemen;31770935;Asia;4. Lower middle income;YEM;66.40;97.72;22.62;216.99;451.55;88.11;56.40;168.74;19.75;11.70;102.17;3496.39;815.35;2296.31;5.00;94.05;3.56;1318.98;3.30;736.57;300.94;96.98;164.05;39.54;210.04;876.04;398.24;201.87;351.06;75.13;83.51
Zambia;19908655;Africa;4. Lower middle income;ZMB;496.70;67.67;20.36;481.77;1032.36;64.34;151.01;142.63;5904.78;4.69;1383.27;1812.13;1737.21;1509.29;13.45;146.75;0.37;1751.82;12.31;998.27;0.80;271.73;209.71;45.49;466.71;286.19;297.22;505.21;741.59;47.60;44.43
Zimbabwe;16665409;Africa;5. Low income;ZWE;247.45;120.11;34.59;400.37;712.42;109.02;196.46;178.83;11017.08;13.63;1643.19;2450.30;1957.02;1511.36;7.48;310.60;7.48;845.16;5.87;1636.85;3.75;427.08;299.73;54.68;395.68;403.27;430.68;330.19;652.20;88.31;22.67
